epoch,train_loss,val_loss,val_ppl
1,4.241685824780061,3.7798437742223765,43.80919707505157
2,3.252289117722303,3.2467956325954335,25.707830458520068
3,2.68882526160748,2.832459932253545,16.987196822992548
4,2.28002179628691,2.5769580893980297,13.157054641322985
5,2.050921833948744,2.4511459334532817,11.60163380500121
6,1.8742147441976256,2.3666798319305267,10.661934040060435
7,1.7216137335599564,2.255864805711475,9.54354305296016
8,1.580959979762922,2.1626588935566664,8.694223968932453
9,1.454248002635541,2.102658815068794,8.187911138326918
10,1.351940209762291,2.02061940027294,7.542995620546381
11,1.2504096962404971,1.9976657794003474,7.3718285262721865
12,1.151191225259412,1.9363758336576142,6.933576944567622
13,1.0549861565993472,1.875274497523272,6.5226093147190705
14,0.9731661515012779,1.8086884048514236,6.102438252571628
15,0.8862035564490616,1.743205614666689,5.715636214465034
16,0.7951684306848765,1.708948901763878,5.523153049116532
17,0.716716456386475,1.6225380340121929,5.065931520466945
18,0.6337422308358651,1.548214305368742,4.7030644428561335
19,0.5483883602623069,1.4900120239602657,4.437148870784629
20,0.48682369338672016,1.469056724312894,4.345134547595778
21,0.4242377323206951,1.4043011967083463,4.072679744626673
22,0.37455756535420964,1.4132985791511963,4.109488544968733
23,0.3535308694481411,1.3857372128160814,3.9977720274979465
24,0.3050452342655009,1.258539667004659,3.520276955324098
25,0.2445265941221372,1.2541376674859006,3.5048147551281286
26,0.20817086218106878,1.1963553986793147,3.308038444204503
27,0.1880428171098159,1.1875506454423777,3.2790398321563137
28,0.17605898098150077,1.1553711909754318,3.1752018050658752
29,0.15927563346450457,1.1340925124963916,3.108351472483877
30,0.14303196130398832,1.1744582321206827,3.236389097134154
31,0.1436831769276552,1.161492944581253,3.194699226479977
32,0.13439196870522593,1.1230513998249225,3.0742205818877855
33,0.11882417728042768,1.1387297692441583,3.1227991692733523
34,0.09527577268295401,1.1332795106970759,3.105825404132038
35,0.07260404697828327,1.1280582267558783,3.0896512694447926
36,0.05751316002667145,1.0963348232934302,2.9931753782456885
37,0.05176080798431104,1.100549567351466,3.0058174692602266
38,0.06374606436889574,1.069885541106623,2.9150458279618845
39,0.048132090065453215,1.0916693455161077,2.9792433101830564
40,0.05213777670346758,1.1076306373605556,3.027177409559287
41,0.04556925099649062,1.0662557392049015,2.9044839693955424
42,0.039098581103939135,1.0682727186209022,2.910348165769543
43,0.031756704218737386,1.1053106306640994,3.0201624781880754
44,0.027211621483048773,1.0859839157352311,2.9623530911168596
45,0.026753826055433683,1.095670072947097,2.9911863250615056
46,0.021968010344577196,1.0992535983590859,3.0019245461220074
47,0.017253864058729185,1.1157079523410696,3.051727892511237
48,0.014919948184019328,1.1125323454271119,3.0420521755842587
49,0.015573023042013974,1.120652480698899,3.0668546140493245
50,0.012764427775511778,1.1071872647788998,3.0258355395922383
51,0.013299322870061789,1.1006474622439342,3.006111737841619
52,0.01894404283870494,1.1257620412331455,3.082564995742655
53,0.012881789747914844,1.10100226060132,3.007178490578192
54,0.009863828551796811,1.1091318979053444,3.031725404574889
55,0.008588868450612427,1.1070504601385232,3.0254216195631414
56,0.007960509195425984,1.1282549888369373,3.0902592554706514
57,0.006994884719495164,1.11838830790443,3.0599185804200433
58,0.006454704524618073,1.1272251667731217,3.087078476405798
59,0.011361644919303257,1.1462546467335146,3.1463864849763366
60,0.014180828426790647,1.1277322730843786,3.088644350383261
61,0.015338242251135205,1.1248453852263025,3.079740638702513
62,0.012029333616438286,1.1218057397144505,3.0703935320346667
63,0.010234614166906495,1.1280286071352903,3.089559756501738
64,0.007517661608361289,1.12782590067539,3.0889335462514227
65,0.006336204410280574,1.1302297015760345,3.0963676589756792
66,0.00584585785389656,1.1360830980564405,3.114545074442729
67,0.006320841383500292,1.1316753569392353,3.100847176627525
68,0.016555740379735607,1.143216173547759,3.1368407835327297
69,0.010593176024696099,1.1397069856289894,3.1258523113353607
70,0.013810632151711777,1.1388518730714974,3.123180498284324
71,0.02069453557121252,1.172886473858297,3.2313062713635334
72,0.04170158342277524,1.1658657553914629,3.2086996300418966
73,0.03606101608875885,1.1741704362075303,3.2354578115951416
74,0.0379297655459431,1.1538942208527552,3.170515588419204
75,0.04286735006130419,1.1447676571360104,3.141711317827361
76,0.08260523803432407,1.1717028497274677,3.2274838818691225
77,0.07095878994724898,1.168043652154561,3.2156954619144753
78,0.08883590373912051,1.1442482973311905,3.1400800628913235
79,0.06812010718183002,1.1307395031475962,3.0979465945120697
80,0.05688913641128313,1.1516284111171886,3.1633399357339744
81,0.03928424339436229,1.1395733509110542,3.125434616853292
82,0.02468189538993523,1.1487622697909647,3.154286337059694
83,0.01661824398924504,1.1686390309299615,3.2176105887970277
84,0.020855976273977467,1.1871054875211526,3.2775804664492187
85,0.015862379592097763,1.1541757258839738,3.1714082301445745
86,0.016733203989289576,1.1585170219227336,3.1852061809553365
87,0.013364404294537826,1.123792708210387,3.076500372293376
88,0.00804997933904812,1.1550002801533965,3.1740243067411655
89,0.00663564179548792,1.138042533238351,3.120653806515026
90,0.0077066294474791375,1.1717757418034065,3.227719148443761
91,0.004485284347272876,1.1788029238799973,3.2504808000605494
92,0.0033337832146396913,1.1790247287007833,3.2512018523353543
93,0.0026053955109959716,1.1864797477296871,3.2755301954665987
94,0.002411513379446722,1.1876309953166633,3.279303313179797
95,0.0031422119361013906,1.195542206181831,3.305349465637068
96,0.0020825792203484537,1.1991938119789032,3.317441362891857
97,0.0018659809582735802,1.2007376139279817,3.322566790638553
98,0.0017032382558450074,1.201131565905666,3.3238759802587015
99,0.001648921384286778,1.2064160133652189,3.3414873203555633
100,0.0014802966599465315,1.2068450625189244,3.34292129026227
101,0.0014257193550985675,1.2101659406144334,3.3540411780265735
102,0.0014222880537002444,1.21216268711166,3.360745038728183
103,0.0013909239265000168,1.2144043412357988,3.368287116911506
104,0.0012444980389430577,1.2160930359391193,3.373979930884654
105,0.0012200807260625706,1.2169113429237106,3.376742012189049
106,0.0011631512239348549,1.2182361184891681,3.3812184019488556
107,0.0011556407978699603,1.2193286780266792,3.384914603154577
108,0.0010925587639907198,1.2193773212683552,3.3850792603783693
109,0.0010917190972875087,1.220551936773112,3.3890577631105017
110,0.0011176418422762812,1.2207401979031236,3.3896958510163504
111,0.001075803318261129,1.2206347183614128,3.389338326307549
112,0.0010310268226006569,1.221846091711982,3.393446568237118
113,0.0009653447503101272,1.2237725960534354,3.3999903590801557
114,0.0009677098954166276,1.2247552001318125,3.4033328453748295
115,0.0009695104640222702,1.2267316337367125,3.4100659583626847
116,0.0009222364491626277,1.2269051550139098,3.410657728703995
117,0.0009325550778406057,1.2259369291264408,3.4073570397618633
118,0.000861602608271192,1.2252463086636243,3.405004661659807
119,0.0008750551215465846,1.2261589117764211,3.4081134978641594
120,0.0008473142795845133,1.2262485535460306,3.408419020882745
121,0.0007970461264689589,1.2261049313976735,3.4079295315720595
122,0.0008002584110647646,1.2281095669317428,3.4147680402773464
123,0.0007800735683644912,1.2313368391973416,3.4258062285060644
124,0.0007559229207280712,1.2327473250294958,3.4306416890276896
125,0.0007592551647596028,1.2325357475111602,3.4299159191538284
126,0.0007319479299323655,1.2327882952812799,3.430782246160781
127,0.0007384185990086301,1.2332254929875635,3.432282504220355
128,0.0007393728702211685,1.2330637797485384,3.431727503576034
129,0.0007122265863914346,1.2335119861927977,3.433265970707765
130,0.0007063795031227428,1.2329958877693152,3.4314945247124493
131,0.0006743328150203924,1.2331350935471943,3.4319722418267693
132,0.0006875451819161101,1.2346078385516943,3.4370303855652136
133,0.0006471838414412894,1.2363918666389482,3.4431676171788195
134,0.0006613041994697215,1.2371986051027064,3.445946473687267
135,0.0006151460949169768,1.23769216445117,3.447647672570432
136,0.0006311035450861166,1.2388510159181259,3.451645300014171
137,0.0006333955479373803,1.238499520627182,3.450432276143786
138,0.0006021728526982987,1.2388504722954425,3.4516434236220013
139,0.0006197074428414808,1.2384955076146738,3.450418429543686
140,0.001192483786354812,1.2275597320337133,3.412890997719167
141,0.0009819906514459968,1.24210710540757,3.4629024832490116
142,0.0006944760999900738,1.2424505745843715,3.4640920877988295
143,0.0006355393659181681,1.240483890413356,3.4572860076216303
144,0.0005960501765766271,1.2400633542928519,3.455832399645264
145,0.0005725596217863136,1.239509748016177,3.4539197586115735
146,0.0005723296903575415,1.2406717192854395,3.4579354467427117
147,0.0005577502963795396,1.2408096718295893,3.458412510640428
148,0.0005423072177057471,1.2426246030677395,3.464694990950755
149,0.0005422033251187176,1.241591472251421,3.4611173561870396
150,0.0005245747148074247,1.2406356650446146,3.4578107757528302
151,0.0005219777731293307,1.2416056553810542,3.461166446011301
152,0.0005054154935425442,1.2430862624593313,3.466294869203324
153,0.0004982461818424158,1.2451841428857344,3.47357437445754
154,0.0004891866318738121,1.2456353785841148,3.4751421289030593
155,0.0005063395159856447,1.245483465995837,3.474614251164276
156,0.0004918058870376812,1.2471914929010472,3.480554057020555
157,0.00046641492474134167,1.2484233438339551,3.4848442226624945
158,0.0005002099064294229,1.2502662439199461,3.491272363771692
159,0.00048626805332269136,1.250620774500173,3.492510346026866
160,0.00046043312202395567,1.2508286863509994,3.4932365558081333
161,0.00046704932413242634,1.2503332219024461,3.4915062099821617
162,0.00044939794493831535,1.2507448195148274,3.492943601394949
163,0.0004521397555532017,1.249842306446897,3.4897925962746776
164,0.0004475356485355154,1.2498784684073128,3.4899187962982094
165,0.0004386673950175627,1.2498329440213072,3.4897599235041192
166,0.00043012666275206587,1.2503904824802987,3.4917061413693595
167,0.00041852302149088136,1.2502642833951314,3.4912655190522974
168,0.0004121087116433264,1.2518035374813918,3.4966436018248017
169,0.00041658032021399063,1.2525625916156091,3.4992987511802154
170,0.00041675145890803314,1.2535271918856332,3.502675804191773
171,0.00039957067645544057,1.254228230418743,3.5051321758044796
172,0.00039401086701134816,1.2538380985475723,3.5037649787409473
173,0.00039519601570555356,1.2529525890529936,3.5006637348785894
174,0.0003835669814652855,1.2531327045279639,3.5012943153768568
175,0.0003893304026393451,1.254046664724505,3.504495821819358
176,0.00037593008076238686,1.2556429906177626,3.510094606796328
177,0.00037117516279171485,1.2552066835947278,3.5085634619167876
178,0.000378830352611659,1.2547169695670735,3.5068456898154485
179,0.00036682823895564106,1.254438431580865,3.5058690361029567
180,0.000358784871742167,1.2555613075670418,3.5098079032700946
181,0.00036567191946686373,1.25626334013132,3.512272767818907
182,0.00035240525491232614,1.256609579294579,3.5134890647558406
183,0.00035688297988131947,1.2577806297765013,3.5176059478868615
184,0.0003560250319703587,1.2595503079909465,3.5238364899010257
185,0.0003519257028407045,1.2604923923471576,3.527157805366033
186,0.000348409745375225,1.261301616222297,3.530013220852891
187,0.000326812894427382,1.2623311330311313,3.5336493001804015
188,0.00033907056236037324,1.2625673112692892,3.534483969807907
189,0.00032778118424262005,1.262667273944421,3.5348373039405576
190,0.000331061283457308,1.262463133410258,3.5341157740144102
191,0.00032386412233511777,1.2634217933677032,3.537505413788296
192,0.00032259348703226324,1.263735329852851,3.5386147246975606
193,0.00033031016316607023,1.2652948238109436,3.544137478211825
194,0.0003207601049638928,1.2658671952452816,3.54616662192027
195,0.00031713299238173237,1.265129583350968,3.5435518916873336
196,0.0003132413862757217,1.2641986093202697,3.5402544720439293
197,0.00030333904857192726,1.2641460258618782,3.5400683181145545
198,0.0003131723868443022,1.26401777250316,3.539614321576577
199,0.00030377944746381736,1.2647410971345887,3.54217553798492
200,0.00030843019612617053,1.265187000564874,3.543755358405476
201,0.00029889419176171427,1.2648294869752426,3.5424886441537886
202,0.00030358563038298056,1.264433795517279,3.5410871889475772
203,0.0002842794717487656,1.265997152007214,3.5466275001982033
204,0.00029123022134466614,1.2670984445387257,3.5505355261211204
205,0.0002842748853204873,1.2675816295256965,3.5522515061175497
206,0.0002846750157327107,1.2674570471893745,3.551808985891388
207,0.0002812345103639691,1.2676214061521702,3.552392805509037
208,0.00027651953042198327,1.2684497849881418,3.555336751709194
209,0.000274985488335519,1.268931536810871,3.5570499543058487
210,0.00027744882266545455,1.2703695185321742,3.562168606504027
211,0.0002808561567769216,1.2721555879706967,3.568536572108503
212,0.00027391031376927487,1.274563388294901,3.57713924823077
213,0.00027589371396993865,1.2732224373053702,3.5723456944947722
214,0.00027138505509023014,1.2725130412924643,3.569812385368312
215,0.00026338464731002673,1.272856397194436,3.5710383119722833
216,0.00026167198727623846,1.2733293045705902,3.5727274817094776
217,0.0002626422354272134,1.273460498267018,3.5731962317819868
218,0.0002509242201829453,1.2740643433231467,3.5753545402374898
219,0.00025151561067495186,1.276451837383694,3.5839008760700772
220,0.00024308030950916952,1.2770738867183355,3.5861309327561877
221,0.0002450409720538673,1.2774856454074632,3.587607857375505
222,0.0002475669393820441,1.2767910781931413,3.585116887752986
223,0.00023846578858907912,1.276466498320202,3.583953419798442
224,0.00024894779387615146,1.2784092495686918,3.590922917587479
225,0.00023586109060636453,1.2792624829371766,3.5939881203250925
226,0.00023776093160163256,1.2791190084258017,3.593472511624879
227,0.0002362389640515715,1.280171566778542,3.597256842397433
228,0.00023692608013133314,1.280841431745817,3.599667325993567
229,0.00023177408177813217,1.281630941143592,3.602510419353085
230,0.0002327255789329639,1.2821041306495935,3.6042154928584136
231,0.0002232736761910427,1.2815465889570283,3.602206552538189
232,0.0002313604516933075,1.2810827360472943,3.60053604601194
233,0.00022062087681983314,1.2807385274028,3.5992969236506376
234,0.00022076408295203012,1.28118729947369,3.6009125500817065
235,0.00022184316263801308,1.282904728413243,3.6071021751031953
236,0.000215446211676174,1.2827523707758672,3.6065526474014575
237,0.00021957713974561085,1.2821365956640471,3.604332505665884
238,0.000213731687703799,1.2821856748985583,3.6045094078872633
239,0.00021709349959392403,1.2820019848295126,3.603847356113282
240,0.00021051764041136854,1.281952468036329,3.603668909567171
241,0.00021122990304806935,1.2828737185454953,3.6069903210760907
242,0.00020493814012227787,1.2841717020493884,3.6116751747852276
243,0.000205133640620941,1.2842516478598818,3.611963924626331
244,0.00019840760088527996,1.28335354217635,3.6087214555548095
245,0.00020689407984348293,1.2836567207852563,3.6098157085743074
246,0.00020156063764962845,1.2836894611394374,3.609933897153892
247,0.00019371534347644839,1.2838504910403008,3.610515251257915
248,0.0001940123139551904,1.2838520970336116,3.610521049725913
249,0.0001922852099472499,1.283808719969405,3.610364439319194
250,0.0001915950656924275,1.2841400447348887,3.611560840658114
251,0.0001968099884181708,1.284588016168983,3.613179079182477
252,0.0001909401780729398,1.2846479121613912,3.6133955006104963
253,0.0001897270246103688,1.2846604863702387,3.6134409364858286
254,0.00019475369971686736,1.285271231908207,3.6156485034767236
255,0.00019044317145772225,1.285545972590898,3.6166420056864284
256,0.00019296953104832505,1.2852418905127625,3.6155424168605674
257,0.00018127991587368327,1.2869207870371655,3.6216176368639252
258,0.00018260140449157772,1.2879079979798813,3.6251947027941718
259,0.000182094241888367,1.2877479619430023,3.6246145874219424
260,0.00018171275878320063,1.288063313881257,3.625757796904701
261,0.00017465736944238211,1.2886968437927582,3.6280555506919234
262,0.00017543309049858853,1.2888805341904377,3.6287220508718008
263,0.00017489904143604799,1.2897355261803407,3.6318259058553757
264,0.00017532811668403842,1.2905589041934524,3.6348175028923055
265,0.00017474275909971373,1.2900595607909844,3.633002933837308
266,0.00017024511117613267,1.2880482001485887,3.6257029985847433
267,0.00017712723625611007,1.2875672952402857,3.623959799406791
268,0.00016945082001770765,1.288229681549896,3.626361055956431
269,0.00016909828255410504,1.2885429761252027,3.6274973531919517
270,0.00016235056019863267,1.288592340373199,3.627676426290768
271,0.0001588786508319536,1.2891473013260928,3.629690203789349
272,0.00016290858545788084,1.2895455937564781,3.6311361698617177
273,0.0001601432304715465,1.2899649394999062,3.632659190672185
274,0.00016103488680288883,1.2895896188765483,3.631296034586593
275,0.0001586701500658281,1.2896295954078347,3.6314412041077975
276,0.00015735746527933788,1.2900958663901616,3.633134834579987
277,0.0001570035607682613,1.2896197948936068,3.6314056142910083
278,0.00015491867869532724,1.2886931429110657,3.6280421237124023
279,0.00015393770998427082,1.2904904948469025,3.6345688559070903
280,0.00015294618621069107,1.2912749363489562,3.6374210811153893
281,0.00015036737961759015,1.292302568218708,3.6411609322080207
282,0.0001531031114062767,1.2926738263163213,3.642512993655167
283,0.00014848509064055736,1.2926199772556535,3.6423168530330297
284,0.0001542973386282771,1.2927822423886195,3.642907922015138
285,0.00015032713085912848,1.2946078958553164,3.649564684113302
286,0.000147009154776799,1.294894992680236,3.650612612967775
287,0.00014876748260980662,1.2965895638320255,3.6568040802473853
288,0.00014405891201933667,1.2973791289520962,3.6596925053498803
289,0.00014541997152591306,1.298644011198452,3.664324514282378
290,0.00014578842462793497,1.298186860064881,3.6626497470169452
291,0.00014099994849863786,1.2981346684887318,3.6624585925421367
292,0.00014116129339246118,1.297142739959203,3.6588274965675476
293,0.0001368182747519484,1.297671955917771,3.660764318921824
294,0.00013922294552736635,1.2981002126370438,3.662332401586079
295,0.00013627289924529032,1.2981163845683128,3.662391629052872
296,0.00013555213918137863,1.298944126695376,3.6654243998929754
297,0.0001338837780974435,1.2995182323994818,3.6675293451216384
298,0.00013473944570931292,1.2989096837831893,3.6652981541763903
299,0.00013897358463352743,1.2983892972778066,3.6633912786779232
300,0.00012707419290250525,1.298958604956376,3.6654774692482874
